customer_tweet_id,customer_text,agent_tweet_id,agent_text,created_at,weak_intent
238936,"Suggestion for the @115888 marketing team: keep the ""happy death day"" horror adds off the ""peace"" playlists plz",238934,@172819 Hey Liz. We didn't mean to cause any offense. We'll pass the feedback on to the right people,Tue Oct 03 20:00:49 +0000 2017,feature_request_feedback
156967,"@SpotifyCares The other playlists stay synced except songs often get removed from my device and need to redownload... which I assume is to give me the latest version, but really how often does a song need to actually refresh?",156968,@152052 Got it. Could you DM us your account's email address? We'll take a look under the hood /KB,Sun Nov 26 03:52:26 +0000 2017,content_missing_restricted
2631683,"@3493 @115888 @SpotifyCares why isn't Red Velvet's Perfect Velvet album available yet, please fix  :((( @15672",2631682,"@743109 Hey there! We’ll have it available to you as soon as it’s available to us!  If you ever need anything else, just shout",Fri Nov 17 18:38:53 +0000 2017,content_missing_restricted
77728,My @115888 it's okay now 😍 I can download and stream all the songs of @133324  💜💜💜,77726,@131452 Nice. Glad to hear it's all good. Just let us know if we can help with anything else.,Thu Nov 30 12:08:45 +0000 2017,downloads_offline_issue
1255449,"@SpotifyCares I uploaded a new single via an aggregator, Tunecore, and the company uploaded the single to a different artist? Help?? -Tori",1255448,@414369 2: They'll work with our team to make sure your artist page gets fixed up,Thu Oct 26 06:52:09 +0000 2017,general_chitchat_ack
969386,@SpotifyCares Well I'm using Spotify all weekend long usually.  Do you still make money or how would you like me to connect?,969389,"@350097 1: We understand. Don't worry, you can still enjoy Spotify even without a subscription. There's more info...",Sun Oct 22 07:03:16 +0000 2017,general_chitchat_ack
968803,@115888 will the Xbox app ever have genius lyrics compatibility?,968802,"@349984 Hey there! We don't have any info on this right now, but we'll let the right team know it's something you'd like to see",Sun Oct 22 01:08:14 +0000 2017,device_platform_support
1968121,"@SpotifyCares I have enough money to get Premium, yet I always get an Error message. You know, I don’t HAVE to use the service.",1968120,"@583172 Hi Mike, help has arrived. Can you DM us your account's email address or username? We'll take a look under the hood /ME",Tue Oct 31 14:29:46 +0000 2017,billing_payment_subscription
574261,@115888 what's a token error,574260,@255065 Hey Michael! Can you DM us your account's username and email address? It'd be great if you could include a screenshot of the exact message you're getting /JL,Sun Dec 03 06:44:06 +0000 2017,playback_streaming_issue
499273,@SpotifyCares you have locked my friend out of her account and she will not stop bothering me at work. please help her change her payment info. Her name is Riley Barsella and she needs some tunes!!!!!,499272,@234235 Hey Hailey! We'd be glad to help out. Can you have Riley send us a tweet @SpotifyCares? We'll check it out 🔍,Fri Dec 01 19:09:05 +0000 2017,billing_payment_subscription
2364806,@SpotifyCares @SpotifyCares um hello??,2364804,@682732 Hey there! Can you let us know how we can help you out exactly? We'll see what we can do,Mon Nov 13 22:12:26 +0000 2017,general_chitchat_ack
1884871,"@115888 I can install and set up Pandora faster than I can get out to finally play a song, this is ridiculous. Stutter, crash, silence, etc",1884870,"@562393 Hi Jonathan, help's here. What device, operating system, and Spotify version are you using? We'll see what we can suggest",Mon Oct 23 09:04:31 +0000 2017,playback_streaming_issue
2786615,@SpotifyCares The issue is on the website. I want to purchase premium but as soon as I click on 'Get Premium' I get a 504. It's on both my laptop and my phone,2786617,@777979 Got it! Our best tech folks are on the case as we speak. Hopefully we'll have a fix soon,Tue Nov 21 20:40:31 +0000 2017,billing_payment_subscription
578825,@SpotifyCares is there any way you can unlink my spotify account from my friend's PS4?,578824,@256290 Hey there! Can you fire over your account's email address or username via DM? We'll see what we can suggest /RC,Sun Dec 03 10:29:15 +0000 2017,device_platform_support
1110211,Yo @115888 what the hell your remover my download,1110210,@382005 Hi! Sorry to hear that. Check out the “Downloads unexpectedly removed” section at  They should help with this,Sat Oct 14 04:14:39 +0000 2017,downloads_offline_issue
1876241,@SpotifyCares hello i really need your help i cannot seem to see the names of all the accounts in my family premium package. Need to manage,1876240,@560113 Hi there! Could you send us a DM with your account's email address or username? We'll take a look backstage /DR,Sun Oct 22 07:35:05 +0000 2017,family_plan_management
1907410,@SpotifyCares And I get an error404 ifI try to connect via facebook. Could you help me please?,1907409,"@568307 Hey there, we're here to help! Could you DM us your account's email address and username? We'll check backstage for you /BX",Wed Oct 25 16:20:07 +0000 2017,general_chitchat_ack
936218,@SpotifyCares Hey! The last time I sent you the artist URI link you guys removed the other artist that was being linked to it. Can we do it again? :),936216,"@341955 Got it. Could you DM us your artist URI, and your contact email address? We’ll chase this up! /MT",Sat Oct 14 00:44:00 +0000 2017,content_missing_restricted
2064971,"@115888 please add jazz back in the title and get rid of the nonjazz, i'm trying to ace college and i need your playlist",2064970,"@610656 1: Hi! Our Curation team is independent &amp; uses taste, data, research, and trends to create playlists. Don't worry, we've already...",Sat Oct 07 21:35:04 +0000 2017,feature_request_feedback
1290555,I wish @115888  had a feature where it builds your discover page based on what you're doing. my gym tastes are WAY different than normal.,1290554,"@421804 Hey Patryk! Thanks for sharing your thoughts, we'll pass it on to the relevant folks 🙂",Thu Oct 26 20:17:44 +0000 2017,feature_request_feedback
2913809,"@SpotifyCares That doesnt fix, it has been doing it on the web version and the app for awhile. The ad lengths are random but this is the longest ive seen.",2913811,@806602 We see. Could you try a quick reinstall fo the app for us? Just follow the steps here:  Let us know if this helps,Tue Nov 28 23:55:18 +0000 2017,feature_request_feedback
2118724,"@SpotifyCares getting this error a lot. I’ve logged out, revoke access and changes passwords. Please help",2118723,"@624402 Hey Henry, help's here! Can you DM us your account's email address? We'll take a look backstage /SJ",Wed Nov 08 14:32:43 +0000 2017,playback_streaming_issue
2519539,@SpotifyCares Oh no it's not that I'm missing it.  It's just that it doesn't exist.  It needs to be added,2519537,@405923 We understand. Could you send us the Playlist Link? Just tap the three dots &gt; Share &gt; Copy Link,Thu Nov 16 01:05:53 +0000 2017,content_missing_restricted
1426292,"@SpotifyCares Windows 7 desktop, and it should be the latest version. I can give more specific details in 14 hours",1426294,@451350 2: you have needs to be downloaded again. Let us know how it goes,Thu Nov 02 05:13:59 +0000 2017,device_platform_support
1599875,@SpotifyCares I'm on a Galaxy J7. I'll open the app and it just gets stuck loading for minutes.,1599877,"@491260 Does this happen on cellular data, WiFi, or both? Can you also tell us how much storage you have left on your device (or SD card)?",Sun Nov 05 04:35:22 +0000 2017,playback_streaming_issue
1055025,@SpotifyCares ok cool thanks!,1055026,@369286  You know where to find us if there's anything else 🙂,Fri Oct 13 04:32:22 +0000 2017,general_chitchat_ack
2495852,@SpotifyCares Thanks for responding certain songs from some of my favorite albums that are older have seemed to been removed what’s up with that?,2495850,@712302 Got it. Sometimes content gets removed due to licensing or legal issues. Hopefully we'll have them available again soon,Mon Oct 30 01:26:02 +0000 2017,content_missing_restricted
841109,When are @AppleSupport or @115888 going to sort out this issue since the new update? Sick of putting on a song and it skipping ever second,841107,"@320113 Hey, help's here. What device, operating system, and Spotify version are you using? We'll see what we can suggest",Mon Oct 09 08:34:35 +0000 2017,playback_streaming_issue
2272400,"My Avril Lavigne station has been playing country, Hannah Montana, some Spanish songs, and now Christmas carols... @115888, please explain.",2272399,"@661050 Hey Savannah! Radio is based on what you, and others like you, are listening to.",Thu Oct 19 18:42:51 +0000 2017,general_chitchat_ack
1574540,@117153 I'm still stuck on free! This has been a week now. Tidal or pandora or Apple Music wouldn't do this shit.,1574539,@485242 Hi Gaby! Could you send us a DM with your account's email address? We'll take a look backstage /DR,Sat Nov 04 14:41:54 +0000 2017,playback_streaming_issue
611978,".@115888 migration process is not perfect. I have some extra albums I have never seen, not sure what is missing. #Groove #BringBackZune",611977,@184908 Hey! We're here to help. Can you DM us your account's email address? We'll take a look backstage /CP,Wed Oct 04 22:31:21 +0000 2017,content_missing_restricted
2121354,"@SpotifyCares okay so my premium subscription ran out a week or two ago, and I just now got the means to resubscribe. However, upon submitting my card information, I got a message saying something along the lines of ""your payment provider is having a bad day"". Whats up with this?",2121351,@625012 Hi Graham! Help's here. Can you DM us your account's username or email address? We'll take a look backstage /CP,Wed Nov 08 14:52:03 +0000 2017,billing_payment_subscription
2393607,@SpotifyCares Appreciated!,2393609,@689161 You're welcome!  🎶,Tue Nov 14 22:09:48 +0000 2017,general_chitchat_ack
1571914,"@SpotifyCares Hey guys! Can you help me? Tried upgrading to premium w/ visa Oops, seems your card or payment provider is having a bad day.",1571913,"@484612 Hey there, help's here! Can you DM us your account's username and email address? We'll check it out 🔍 /TY",Sat Nov 04 13:30:56 +0000 2017,billing_payment_subscription
123460,"@SpotifyCares Hi again, tech support could not find anything. Could you please tell me if my Spotify premium account is associated with a psn account ?",1270554,"@143581 That's odd. We're afraid that we couldn't see if an account is already linked to a PSN account. Don't worry, we'll still help get this figured out. Can you DM us your account's username or email address? /MU",Sat Nov 25 11:59:06 +0000 2017,billing_payment_subscription
2733015,"Why does the @115888 app feel compelled to delete all 2,556 of my downloaded songs every two months? (iOS)  @SpotifyCares",2733014,@766068 Sorry to hear that! Check out the steps under “Downloads unexpectedly removed” at  They should help with this,Mon Nov 20 16:23:12 +0000 2017,downloads_offline_issue
1989945,"hey, @SpotifyCares, please please please give us a “hide band” option. Sometimes I just really NEVER want to listen to a band, you know?",1989944,"@476604 Hi Karl! This isn’t possible right now, but we have more info about this on our Community. Check it out:",Thu Nov 02 15:25:51 +0000 2017,general_chitchat_ack
1222455,@SpotifyCares the Spotiamb hack thing is ruining Spotify...please help!!! What do I do to make it go away?,1222454,@385695 Hey! We’re sorry to hear that. Check out  for what to do next,Mon Oct 16 00:22:11 +0000 2017,login_account_access
2492568,@SpotifyCares Hi again. I followed your links and advice. Completed the I still need help form and have heard nothing? Very concerned about data security as presumably the hacker still has access to my account.,2492570,@711579 We understand. We recommend reaching out to us here:  They'll be the best folks to help out with this,Wed Nov 15 21:48:34 +0000 2017,login_account_access
2786587,It's utterly ridiculous that @SpotifyCares or @116935 have ZERO controls to protect young children from explicit lyrics. Completely irresponsible and possibly a deal breaker for me.,2786586,"@189197 We hear you. Your feedback has been noted and passed onto the team. If you ever need anything else, just let us know",Tue Nov 21 18:55:16 +0000 2017,general_chitchat_ack
2534023,@SpotifyCares everything is un-downloaded again. Fix this problem already😡,2534021,"@169999 Hey there, help's here! Just to check, does logging out &gt; restarting the device &gt; logging back in help? Keep us posted",Mon Oct 30 13:07:43 +0000 2017,downloads_offline_issue
1618081,@115888 what’s the point on having downloaded songs if then I need to be online to listen to them?  :/,1618080,"@496124 Hi Filippo, help's here. Can you let us know the device you're using, its operating system, and Spotify version? We'll check it out",Sun Nov 05 06:23:02 +0000 2017,downloads_offline_issue
2175353,@SpotifyCares No difference ☹️,2175355,@277460 Alright. Can you check if reinstalling the app makes a difference? Just follow the steps at,Thu Nov 09 15:29:38 +0000 2017,general_chitchat_ack
1927544,@SpotifyCares why did I just get charged the full premium price event tho I renewed my student discount?,1927543,"@573651 Hi Chrissy, help's here! Can you DM us your account's username and email address? We'll do some digging 🔍 /TR",Fri Oct 27 17:52:49 +0000 2017,billing_payment_subscription
2848309,"@SpotifyCares  Apparently, rearranging tracks inside a playlist on Android is not a feature... 66+ pages of comments. It's ridiculous. SpotifyDoesntCare",2848308,"@792133 Hi Farid, we hear you! We don't have any info on this right now, but we'll let the right team know it's something you'd like to see. Just give a shout if you need anything else",Mon Nov 27 18:51:03 +0000 2017,feature_request_feedback
2697371,"@SpotifyCares hey, i am getting a bug on xbox one where everytime i quit the app i get signed out. is there anyway i can fix this/or are you aware of this?",2697369,@458451 Hi there! We've just sent you a bit more info over DM. We'll carry on helping out there,Sun Nov 19 19:06:30 +0000 2017,playback_streaming_issue
856195,@spotifycares I have a premium family account how do I go about adding family members,856193,@323320 Hey Rich! We have some more info on inviting family members here:  Let us know how it goes,Fri Oct 20 16:12:49 +0000 2017,family_plan_management
301485,@SpotifyCares before I already asked about if there's option to turn off the new interface and use the old one? Just can't find anything now,301484,"@187918 Hi there! At this moment, it's not possible to switch to older interfaces. If you're seeing an issue, let us know and we'll help out 🙂",Fri Aug 11 18:03:38 +0000 2017,content_missing_restricted
1877762,"@SpotifyCares hey I can’t login to my account on the app. I’ve tried to redownload the app many times, but still can’t login",1877761,"@560506 Hi Nadila, help's here! Could you DM us your username and email address? We'll see what we can suggest /JQ",Sat Oct 21 02:47:36 +0000 2017,login_account_access
997192,@SpotifyCares Someone just gifted me 12 months of Premium which is awesome but how does this affect paying for a Family Premium plan?,997191,@163701 Hey Lewis! The cavalry's here. Can you DM us your account's username or email address? We'll take a look under the hood /PK,Tue Nov 21 18:09:34 +0000 2017,family_plan_management
1222860,IGH I CANT DOWNLOAD SPOTIFY,1222858,"@406950 Hey there, we'd love to help! Can you let us know which country you're currently in?",Wed Oct 25 15:51:16 +0000 2017,downloads_offline_issue
1811076,@SpotifyCares I have a new premium family account. How do my family set up on their devices if they have lost the email with the set up?,1811075,@544120 Hi there! Can you DM us your account's username or email address? We'll take a look under the hood /JM,Sat Oct 14 22:43:40 +0000 2017,family_plan_management
2916528,"@115888 why is it so hard to add my daughter to our family account? We keep getting a nondescript error. Been going on for months, and she resorted to using her own account. Assistance please",2916527,"@807264 Hey there! We'll help out. Can you DM us your account's email address, as well as your daughter's? We'll take a look under the hood /AN",Tue Nov 28 23:56:47 +0000 2017,family_plan_management
678420,"Hey @115888, the Stranger Things overlay is cool and all, but it's killing my CPU and, thus, my battery. According to  this is an ad. As a paying subscriber, why am I not able to disable these ads?",678421,@281865 We understand. Can you DM us your account's username or email address? We'll take a look backstage /PL,Sun Nov 26 06:52:33 +0000 2017,feature_request_feedback
1269681,"@SpotifyCares 
hello i have removed playstation on my spotify account app page but will not link to my new psn account? help please",1269680,"@417276 Hey there, we'd love to help! Can you DM us your account's username or email address? We'll take a look backstage",Thu Oct 26 14:12:02 +0000 2017,content_missing_restricted
2320570,@115888 Not sure if you have a feedback portal /roadmap but I'd love 1. Playlists to be alphabetized by default and 2. When opening Spotify links in the browser to know that Spotify is open on my machine already and ask to open there instead #feedback,2320569,"@672530 Hey Danielle, we appreciate your feedback! Don't worry, we'll let our devs know this is something you'd like to see in the future",Mon Nov 13 13:53:19 +0000 2017,device_platform_support
420488,"If @115888 were to integrate an alarm clock function my/our mornings would be 1,000% easier and happier. #yourewelcome",420487,@215216 Hey there! You can help make it happen by voting for the idea here:,Tue Oct 10 06:58:59 +0000 2017,general_chitchat_ack
2653189,@SpotifyCares Hey guys any insight as to why my downloaded music keeps getting deleted off my ipod? Bit of a pain having to re-download a few thousands songs,2653188,@748239 Hey! Sorry to hear that. Check out the steps under “Downloads unexpectedly removed” at  They should help with this,Sun Nov 19 04:13:48 +0000 2017,downloads_offline_issue
1209601,@115888 please change the #Polish translations to something better - current ones are #hilarious 😂 #GoogleTranslate API used? 🤔🍻,1209600,@403949 Hey Grzegorz! Can you send us the Playlist Link? Just tap the three dots &gt; Share &gt; Copy Link. We'll check it out,Wed Oct 25 11:06:31 +0000 2017,general_chitchat_ack
115221,@SpotifyCares Thanks JK. It's saying incorrect username and password. I've not changed my password at all though. I can only assume my account has been compromised in some way?,115223,"@141620 We’re sorry to hear that. Check out  for what to do next. If you need anything else, let us know",Thu Nov 23 22:19:00 +0000 2017,login_account_access
1116837,@SpotifyCares brother &amp; cousin were kicked out of my premium for family even tho we live in MY together? Can you help fix this please.,1116836,@383527 Hey! We've just sent a DM your way. Let's carry on chatting there,Sat Oct 14 09:31:02 +0000 2017,family_plan_management
872764,@SpotifyCares Please help me regain control of my hacked premium account.,872763,@327204 Hey Hugo! We've just replied to your DM. We'll carry on helping out there,Fri Oct 20 20:38:57 +0000 2017,login_account_access
991201,@SpotifyCares but I cannot recover my library. Please help. Don’t think I was hacked as password and email were not changed.,991200,@354795 Hi there! Can you DM us your account's email address? We'll take a look backstage /NY,Sun Oct 22 13:23:40 +0000 2017,login_account_access
2294859,@115888 why is “bang your head” by gravedigger not on your app? Any particular reason?,2294857,"@666366 Hey there, we're here to help! Do you mean Bang Your Head by Grave Diggaz?  Let us know if this is right 🙂",Sun Nov 12 00:06:25 +0000 2017,content_missing_restricted
116641,"@117153 Hey I’m not able to search music in the search bar, it says “an error occurred” and won’t let me try again.",2917775,"@807606 Hey Jaeden, thanks for the report. We had a little hiccup earlier but everything should be running just fine now",Wed Nov 29 00:26:01 +0000 2017,playback_streaming_issue
1707321,@115888 Will you guys please make it so me and my friends who also have premium can jam to the same songs at the same time simultaneously?,1707320,@517408 Hey Logan! We can see how that'd be useful. You can vote for the official idea here:,Tue Oct 17 17:35:43 +0000 2017,billing_payment_subscription
2133716,"I mean, my flatmate was literally standing beside me wearing pjs as she tried to add me again to Spotify Family, I can assure y'all we share the same address",2133715,@627796 Hey! Can you send us the usernames or email addresses on your and the plan owner's accounts via DM? We'll take a look under the hood /RC,Sun Nov 26 13:01:43 +0000 2017,family_plan_management
1717248,@115888 thanks for deleting all my downloaded songs....,1717247,"@519984 Hey, sorry to hear that! Check the steps under “Downloads unexpectedly removed” at  They should help with this",Mon Oct 16 13:21:01 +0000 2017,downloads_offline_issue
645101,I'm not sure if @115888 just added ads to its free service but it's been 30min and 4 ads and I'm already on soundcloud again,645100,"@273114 Hey there! Thanks for your feedback - we'll pass it on. For now, check out  if you haven't had a subscription before",Wed Nov 22 18:23:45 +0000 2017,feature_request_feedback
1102753,@SpotifyCares I have a premium account &amp;it works with sonos but when I put my password in just 2use Spotify on my phone I have no premium 😏,1102752,@380219 Hey there! Can you DM us your account's email address? We'll take a look /RB,Mon Oct 23 23:25:42 +0000 2017,login_account_access
1067195,@115888 it won’t play unless I’ve save songs from the album. No I want to listen to music without saving it. So please fix this problem.,1067192,@371844 Hey Joshua! What device are you currently using? Are you getting any specific error messages when trying to play tracks?,Sat Oct 14 22:59:31 +0000 2017,feature_request_feedback
2517269,@SpotifyCares After my mac updated to the new High Sierra OS,2517268,@132062 Hmm. Can you let us know the OS X and Spotify versions that you're using? We'll see what we can suggest,Wed Nov 15 23:55:56 +0000 2017,device_platform_support
156966,"I hate that I pay $10 a month for @115888 to download on my phone and on every Friday when my phone connects to the network, everything in a Spotify curated playlist gets deleted off my phone. I wonder if Apple Music does this...",156963,@152052 Hey Zachary! Sorry to hear that. Check out the steps under “Downloads unexpectedly removed” at  They should help with this,Fri Nov 24 17:36:27 +0000 2017,billing_payment_subscription
2898311,@SpotifyCares I hate my daily mix two and where the fucks the option for CLEAN MUSIC @115888,2898310,"@802990 Hey Tahani! Thanks for the feedback. Check out  to improve your Daily Mix. On the other hand, we don't have any info on the clean music option. To help make it happen, we’d recommend showing your support for the idea here:",Tue Nov 28 17:18:39 +0000 2017,general_chitchat_ack
2307501,WTF ? Since when does Spotify censors the rude words ? MAN THATS RAP !,2307500,@669374 Hey! Hey! Spotify doesn’t censor music – we make it available in whatever form it’s given to us. More info here:,Mon Nov 13 01:21:06 +0000 2017,general_chitchat_ack
223065,"@SpotifyCares I could send members of my house to join the family account. I'm only utilizing 2 such accounts at present, would like to utilize more",223066,@169282 Sorry for the confusion. Could you DM us your account's email address or username? We'll take a closer look /AY,Thu Oct 05 09:53:09 +0000 2017,family_plan_management
1035812,"@SpotifyCares hi I'm currently paying £14.99 but I'm now a student, how can I apply for a student account?",1035811,@365014 Hey there! Here's all the information you need to know about the student discount:,Sat Oct 14 18:32:08 +0000 2017,billing_payment_subscription
1996687,@115888 DAMN! The hackers also upgraded me to a @115888 Family Plan without my knowledge! Check your account info ASAP if you use Spotify.,1996686,@590407 Hey there! Could you DM us your account's username and email address? We'll take a look backstage /DF,Fri Nov 03 16:20:09 +0000 2017,family_plan_management
2919358,Is is just me or has @115888 gotten really terrible over the past couple months? I can't seem to listen anymore without reloading my browser multiple times and signing back in.,2919357,@808030 Hey Sarah! Everything should be running smoothly now. Let us know if this is still happening,Wed Nov 29 00:47:23 +0000 2017,device_platform_support
2317243,@115888 how do I turn off the autolaunch? Every time I get in my car your app takes over! I don't pay to get frustrated!!! I will cancel my family subscription if this isn't resolved.,2317241,@671846 Hi! Driving Mode will auto launch once the app detects your car's Bluetooth connection. Can you try disabling this to see if it helps?,Mon Nov 13 07:47:32 +0000 2017,family_plan_management
1391767,@SpotifyCares my web player isn’t working 🆘,1391765,"@443695 Hey there, we're here to help! Are you receiving an error of any kind in your browser? Let us know",Mon Oct 16 16:10:11 +0000 2017,playback_streaming_issue
982455,@SpotifyCares Spotify doesn't appear on the lock screen or control panel in the latest ios update. Please help,982453,@__xxdkxx__ Hey there! That's not cool. Does logging out &gt; restarting the device &gt; logging back in help? Keep us posted,Wed Oct 11 21:11:35 +0000 2017,device_platform_support
2898341,"The only program which ever causes a total freeze on my Windows 10 machine is @115888, and it does so regularly.",2898339,"@802997 Hey Garve, help's here! Could you DM us some more info? Are you using the web player or desktop app? Which version of Spotfiy are you running? Also, any details or screenshots of error messages you're seeing would be super helpful. We'll be standing by /AL",Tue Nov 28 17:06:31 +0000 2017,device_platform_support
2142178,@SpotifyCares my husband can't acced to my Family with the invite. Where does he put the code?,2142177,@629860 Hey Catherine! Can you DM us your accounts' email addresses? We'll lend a hand /MV,Sat Nov 04 22:51:59 +0000 2017,family_plan_management
399252,Yo @115888 this is like the 96293rd time I had to download my playlists again. What's up fam?,399251,"@210392 Hey there, help's here! Could you DM us your account's username and email address? We'll check backstage for you /BX",Tue Oct 17 20:41:53 +0000 2017,downloads_offline_issue
1805428,"@SpotifyCares Having major trouble with my mobile account and connecting to facebook sign-in. Bought premium, love product but getting sad!",1805427,"@542469 Hi Kristin, help's here! Can you DM us your account's username or email address? We'll take a look backstage /MC",Fri Oct 13 19:42:41 +0000 2017,billing_payment_subscription
1872775,@115888 @115858 our headphones have not control on Spotify app since ios 11 came. When will we have a fixed version??,1872774,@559217 Hey Sinan! Sorry to hear that. Could you let us know what Spotify version you're using?,Fri Oct 20 04:39:39 +0000 2017,device_platform_support
1124962,Spotify inbox and messages are gone forever. Very disappointing :( @SpotifyCares,1124961,"@385264 Hi Iñaki! Sorry to hear that. Rest assured, we're passing on all feedback about this. Thanks for sharing your thoughts",Sat Oct 14 14:23:23 +0000 2017,general_chitchat_ack
2969667,"@SpotifyCares - but doesn't actually. contacted them 3 times about this freeloader using my account and theyve been unable to remove him. aight

thanks",2969666,"@819120 Hey, that's not cool! Can you shoot us a DM with your account's username and email address? We'll take a look backstage /DI",Wed Nov 29 23:58:35 +0000 2017,general_chitchat_ack
2360641,"@SpotifyCares hi. I have a problem. Spotify charges me 99 NOK every month, but i only have the free version. I cant find out why i am paying or if its connected to another account. Can you please help me?",2360640,"@681694 Hey there, help's here! Could you shoot us a DM with your account's username and email address? We'll take a look backstage /VK",Mon Nov 13 20:39:07 +0000 2017,content_missing_restricted
2281649,"@SpotifyCares I love spotify - but the web app is incredibly bad. Constant errors like the one I show here, often takes 5-10 refreshes before it works. It's been an issue for a over a year. I've tried different browsers. I can't download the app on my work pc. Please fix this.",2281648,"@663211 Hi there. We're sorry you feel that way. Can you let us know what device, OS, and browser you're using? We'll see what we can suggest",Sat Nov 11 15:07:56 +0000 2017,downloads_offline_issue
911632,WHY DID YOUR TEAM CHANGE THE UPDATE?! @SpotifyCares Why aren't we allowed to press hold on a song for a preview anymore??,911630,@336517 Hey! We have more info about this here:  Give us a shout if you have any questions /K,Sat Oct 21 07:04:19 +0000 2017,content_missing_restricted
318932,@SpotifyCares OMG WHAT THANK U,318934,@192091 No worries! Let us know if you ever need us again. We'd be...  🙂,Sat Oct 07 14:42:00 +0000 2017,general_chitchat_ack
2921966,@SpotifyCares Thanks Spotify. As if I ever doubted you for a moment!,2921968,@793476 You're welcome!,Wed Nov 29 02:41:38 +0000 2017,general_chitchat_ack
1027105,@SpotifyCares It shows as normal. The fun thing is that if I have the web player and the desktop app open I can alternate between versions on the fly...,1027106,@363041 Hmm. We'll need a few more details to get a clearer picture of what's going on. Could you DM us your account's email address? /KB,Mon Oct 23 01:00:05 +0000 2017,playback_streaming_issue
1189846,@SpotifyCares the app keeps deleting offline/saved songs off of my phone with no warning. I have plenty of space on it. Samsung S6 Edge.,1189844,@399663 Hey! Sorry to hear that. Check out the steps under “Downloads unexpectedly removed” at,Wed Oct 25 06:55:18 +0000 2017,downloads_offline_issue
2792202,Why can't I sign into my account @115888 ?,2792201,"@779268 Hey Jacob, that doesn't sound right. Can you DM us your account's email address or username? A screenshot of any error messages you're getting would be helpful, too. We'll be waiting /JE",Tue Nov 21 20:39:26 +0000 2017,general_chitchat_ack
775125,@115888 bring back 30 sec previews of songs. You're ruining my playlists.,775123,@305196 Hey! We have more info about this here:  Give us a shout if you have any questions,Thu Oct 12 02:40:57 +0000 2017,general_chitchat_ack
751832,"@SpotifyCares 4G. Wifi takes long to load, but at least it does something",751833,@299692 Thanks for the confirmation. Can you DM us your username and email address? We'll take a look backstage /JI,Wed Oct 11 18:35:02 +0000 2017,general_chitchat_ack
2030376,@117153 Hi. I bought for premium account 5 hours ago but my spotify still in free mode. trying to relogin but nothing happen. help me,2030375,@600403 Hey there! Could you send us a DM with your account's email address or username? We'll take a look backstage /MA,Tue Nov 07 08:33:24 +0000 2017,billing_payment_subscription
1836136,@115888 I paid for a god damn student subscription but when I login with Facebook on the app it tells me I don’t have one #WTF,1836135,"@550581 Hey there, help's here! Can you DM us your account's email address and username? We'll take a look backstage 🙂 /CG",Wed Oct 18 16:28:15 +0000 2017,login_account_access
1782505,"@SpotifyCares will you PLEASE, for the love of all that's still holy, FIX THE WINDOWS PHONE APP? IT JUST CRASHED 30 TIMES IN A ROW",1782504,"@535540 Hey, that doesn't sound right. Can you DM us your account's email address or username? We'll see what we can suggest /RH",Wed Oct 11 00:47:16 +0000 2017,playback_streaming_issue
2878323,"@115888 You work with Alexa, right??",2878322,"@798922 Hey Jana, we sure do! You can read all about it at",Tue Nov 28 07:08:45 +0000 2017,device_platform_support
2614459,@115888 how is that song ‘dua’ worthy of #NewMusicFriday ?? It’s god awful and creepy. Stop selling out to labels.,2614458,"@739079 Hi Brendan, we appreciate your feedback! Don't worry, we'll make sure to pass this on to the right team. Feel free to tweet us if there's anything else",Fri Nov 17 13:28:04 +0000 2017,general_chitchat_ack
83697,@115888 i want to get a premuim account but the payment still 379 for 3 months..how come that you said its only 9php,135143,@146439 Hi there! Can you DM us your account's username or email address? We'll see what we can suggest /DN,Fri Nov 24 08:56:36 +0000 2017,billing_payment_subscription
1933340,"@SpotifyCares when I’m on my app I have premium and I pay every month, but when I login online I don’t have access to premium",1933339,"@575302 Hi there, that doesn't sound good. Can you DM us your account's email address? We'll take a look backstage /AK",Sat Oct 28 22:30:39 +0000 2017,login_account_access
1956770,@SpotifyCares uhm iPhone 6 iOS 10 don't know what version of spotify,1956773,"@580677 1: Thanks. To get the Spotify version you're running, just go to Your Music &gt; Settings &gt; About.",Mon Oct 30 18:08:13 +0000 2017,device_platform_support
265069,@115888 really means it when they say they care! @SpotifyCares Thank you so much for helping me today!,265068,@179148 You're welcome! You know where we are for anything else. Have a  💚,Thu Oct 05 23:00:15 +0000 2017,general_chitchat_ack
1798650,@SpotifyCares Someone is using my grandmothers card for a subscription and we are trying to figure out how to stop it from charging her account.,1798653,"@540444 1: Got it! Could you DM us a screenshot of the charge as it appears on her bank statement? For security reasons, please make sure the...",Sat Oct 14 01:53:30 +0000 2017,billing_payment_subscription
1950859,"@SpotifyCares added my son to family group, he has accepted, but his account does not show it as Premium..still says Free. ???",1950857,"@579404 Hey there! Does logging out, restarting his device, and logging back in help at all? Let us know how that goes",Wed Oct 18 16:42:46 +0000 2017,family_plan_management
2789379,@SpotifyCares is your website down trying to get in to cancel my subscription but can’t get to the page,2789377,@557209 Hey there! Can you DM us your account's email address? We'll take a look backstage /LM,Tue Nov 21 19:55:24 +0000 2017,billing_payment_subscription
847177,"@115888 For some reason, I can’t play Winnerbäck at all. Everything else works.",847176,@321347 Hey Robbie! Help's here. Can you let us know what's happening exactly? Are you getting any error messages? We'll see what we can suggest,Thu Oct 19 14:49:03 +0000 2017,general_chitchat_ack
2038576,@116130 someone that's not me appears to be using my account. Can I re set my password. No because your website is rubbish!,2038575,"@602765 Hey, that doesn't sound good! Could you send us a DM with your account's username or email address? We'll take a look backstage 🔍 /DB",Thu Oct 05 07:27:43 +0000 2017,login_account_access
2311298,"@SpotifyCares i have spotify premium on my account and i want to cancel my premium but i forgot my password and do not have access to my email to change my password so, is there a way i can still cancel ?",2311297,@670315 Hey! Help's here. We've just sent a DM your way. Let's carry on chatting there,Mon Nov 13 05:15:42 +0000 2017,login_account_access
2476376,@115888 I really wish you made it easier in the mobile app to SEE my queue of songs. It's annoying not to be able to quickly and easily find this to rearrange the order of songs.,2476375,"@657990 Hey! We'll be sure to pass your feedback on. For now, check out  for more info on the Play Queue",Wed Nov 15 14:00:38 +0000 2017,feature_request_feedback
2547376,"If you could filter an artist catalogue on Spotify so that their actual albums appeared first it would make finding their song/albums easier. Then after that, if the best of's etc were shown or in another section it would be grand. too much clutter @5795",2547375,"@723963 Hey Patrick! Thanks for the feedback. Don't worry, we'll make sure it's passed on to the relevant folks",Thu Nov 16 14:31:16 +0000 2017,general_chitchat_ack
2965856,@SpotifyCares iPhone X. iOS 11.2. Latest Spotify version,2965858,@818245 Got it. We'd suggest closing the app and reopening it. Does that help?,Wed Nov 29 23:00:48 +0000 2017,device_platform_support
172481,@SpotifyCares Unfortunately that didn’t fix the issue,172482,@156307 Can you try the steps here for us:  Keep us posted,Fri Nov 24 22:56:31 +0000 2017,general_chitchat_ack
1454700,@115888 you are the god damn WOAT where are all my fuckin songs,1454698,@457633 Sorry to hear that you feel that way. Can you DM us more details about this? /MU,Thu Nov 02 15:04:58 +0000 2017,content_missing_restricted
1950865,"@SpotifyCares After the last update in my Android phone the app doesn't work anymore, have tried to uninstall &amp;install again Any suggestion?",1950864,"@579405 Hey Paula, help's here! Could you let us know what's happening exactly? We'd love to help",Wed Oct 18 16:42:06 +0000 2017,feature_request_feedback
2948916,#spotiamb is completely fucking up my Spotify and it is extremely irritating.  Hey @117168 can you patch this hack already? Come on.,2948915,"@814423 Hi Kelly, help's here! Can you DM us your account's email address? We'll take a look backstage /DV",Wed Nov 29 16:53:34 +0000 2017,login_account_access
1970698,"@SpotifyCares IPhone 6s, ios 11.02, version 8.4.15",1970702,"@583753 2: which is delivered to us by distributors. You'll then see featured artist name's appear next to song titles, with clickable links. For...",Wed Nov 01 02:00:54 +0000 2017,device_platform_support
2551364,@115888  hello,2551363,@724807 Hey there! Can you let us know how we can help? We'll be right here waiting 🙂,Sat Nov 25 22:58:53 +0000 2017,general_chitchat_ack
585111,.@SpotifyCares Do we need to be signed up for Spotify promotional emails to get the Year in Review like last year? Or did that change?,585110,@258105 Hi Bethany! We currently don't have any info to share about this. Give us a shout if you have any other questions,Sun Dec 03 14:47:43 +0000 2017,general_chitchat_ack
561003,"@115888 hey, you have East 17 album “Up All Night” all messed up - songs names are incorrect. Fix it.",561001,@251274 Hi Mikhail! Can you send us the Album Link? Just tap the three dots &gt; Share &gt; Copy Link. We'll check it out,Sat Dec 02 22:28:22 +0000 2017,general_chitchat_ack
2364779,Hey @SpotifyCares did a recent iOS update remove search from the app?,2364777,@682725 Hey! You should still be able to use Search on the most recent version of iOS. Could you let us know what's happening exactly?,Mon Nov 13 22:33:08 +0000 2017,device_platform_support
2321307,Okay but who was in charge of remastering The Beatles on Spotify bc you can’t even hear vocals on half of the songs @115888,2321306,"@672686 Hey Kate! We don't have specific info on that. What device, operating system, and Spotify version are you using? We'll check backstage",Mon Nov 13 14:04:09 +0000 2017,billing_payment_subscription
761988,@SpotifyCares the app won't let me share links to songs? The app just crashes when I use the share option,761986,"@302060 Hey Dojo, help's here! Can you let us know your device, operating system, and Spotify version? We'll check under the hood",Wed Oct 11 20:38:46 +0000 2017,playback_streaming_issue
113817,@SpotifyCares I mean so places of the songs changes. Do you understand?,113819,"@141280 Hmm. To make sure we're on the same page, do you want to sort your songs in a specific order?",Fri Nov 24 21:53:11 +0000 2017,general_chitchat_ack
784240,I don’t like how spaced out “cancel” is in the Spotify app @115888 please fix thanks love you,784239,"@307169 Hey Sam! Thanks for the feedback - we'll pass it on. If there's anything else, just let us know",Sat Oct 07 22:27:48 +0000 2017,billing_payment_subscription
1962224,@SpotifyCares Windows 10 and whatever the last version released was. I can't tell what that was because I've removed the app until this is fixed.,1962225,@581872 We'd like to look more into this. Can you DM us your username or email address? We'll see if we can get any clues on your account /AP,Fri Nov 03 02:46:22 +0000 2017,content_missing_restricted
1244054,"@SpotifyCares I’m using the iOS app, version 8.4.22",1244053,"@411865 Thanks! Just to check, have you tried logging out then back in? Does restarting your device by holding Home + Lock for 10 seconds help?",Mon Oct 16 22:32:16 +0000 2017,device_platform_support
77685,"@SpotifyCares Trying to log into Spotify app via Facebook app on iPhone 6s, but get Facebook message ""Login Error: There is an error logging you into this application. Please try again later.""",77684,"@133314 Hey Daniel, the cavalry's here! Can you DM us your account's email address? We'll take a look under the hood /LS",Thu Nov 30 12:26:07 +0000 2017,login_account_access
1970803,@115888 I can’t listen to my music offline when your app repeatedly deletes my music and makes me redownload it twice a week,1970802,@583775 2: at  They should help with this,Wed Oct 18 17:33:15 +0000 2017,downloads_offline_issue
2883052,"@SpotifyCares just accepted a family premium invitation, I already had premium beforehand does this automatically cancel so we won’t be billed twice?",2883051,@233251 Hi there! Could you DM us your account's username or email address? We'll take a look backstage /JO,Tue Nov 28 10:24:49 +0000 2017,family_plan_management
1517969,@SpotifyCares @115888 Unable to pause or rightclick + report. Only to mute whole PC and wait. Super annoying!!,1517968,"@472175 Hi! Can you let us know the make &amp; model of your PC? Also, is this happening across all your devices? We'll see what we can suggest",Sat Oct 28 17:30:11 +0000 2017,playback_streaming_issue
1796736,"@SpotifyCares Hey Spotify, how comes I can't add someone to my @115888 Family? It just shows a red message that one can't join the family🤔",1796734,"@539874 Hey Colin, help's here! Can you DM us the email address of the family member you are trying to add? We'll take a look backstage /MQ",Fri Oct 13 20:01:30 +0000 2017,family_plan_management
2470250,"I have bought Spotify Premium for unavailable track, huh? @SpotifyCares",2470249,"@290077 Hey! Fingers crossed we'll be able to have it to you soon, but there's info about Spotify content here:",Wed Nov 15 10:45:39 +0000 2017,billing_payment_subscription
1688954,@115888 can you stop putting Chris Brown on my release radar literally every week? I️ never listen to him and he’s trash,1688953,@512823 2: Keep on listening to your favorite tunes and hopefully next week will be better,Mon Nov 06 19:02:49 +0000 2017,general_chitchat_ack
131818,"@SpotifyCares I'll lose the downloaded data if I do that way :') I'll try it later, thanks! :)",131820,"@145723 Hmm. You shouldn't lose your offline music when you restart. Don't worry, you can get back to us anytime 🙂",Fri Nov 24 08:35:29 +0000 2017,downloads_offline_issue
824860,@SpotifyCares I am having an issue with my desktop computer. Nothing seems to load.,824859,"@316452 Just to check, are you experiencing the same issue on a different device? In the meantime, does restarting your desktop help at all?",Sun Oct 08 06:36:30 +0000 2017,general_chitchat_ack
771045,hey @115888 - your app doesn’t work in the new ios update. 🤷🏻‍♀️,771043,"@304150 Hey Madison, we're here to help! Could you give us some more info about what's going on? We'll see what we can suggest 🙂",Wed Oct 11 23:52:42 +0000 2017,device_platform_support
1961252,@SpotifyCares Hey suddenly unable to download my music but my sub is paid until the 8th. Need some help figuring what is up :),1961251,"@581654 Hey, that doesn't sound good! Can you DM us your account's username and email address? We'll take a look under the hood /MS",Mon Oct 30 22:56:43 +0000 2017,downloads_offline_issue
1698950,@SpotifyCares specifically does this affect the NAD D7050 amplifier?,1698947,"@515263 Great question! Since the NAD D7050 uses Spotify Connect, it should be unaffected by the depreciation. Hope this helps",Mon Nov 06 23:49:26 +0000 2017,general_chitchat_ack
1804198,@115888 I'm trying to reset my password and I'm always getting this error message.  Help!!,1804197,"@542088 Hey there, help's here! Can you DM us your account's email address and username? We'll take a look backstage /MQ",Fri Oct 13 17:11:12 +0000 2017,login_account_access
656525,"hey @115888, I'm trying to signup for the 3 month $9.99 deal, but it keeps redirecting me back to the payment selection screen, any issues going on?",656524,@276211 Hey there! Can you DM us your account's email address? We'll take a look backstage /RB,Wed Nov 22 22:34:49 +0000 2017,billing_payment_subscription
2309234,Hello @115888 why is Florence’s Over The Love not on spotify???,2309233,@669782 Hey! It all boils down to licensing agreements. We have some info about missing content here:,Mon Nov 13 03:00:40 +0000 2017,content_missing_restricted
1323038,Why doesn’t @115888 have an alarm feature where I can wake up to my favorite playlist/song?,1323037,@428758 Hey Nathan. A sleep timer is a great idea! Help make it happen by adding support here:  /K,Fri Oct 27 10:03:34 +0000 2017,feature_request_feedback
929992,Hi @115888 for some reason my account wont play Kesha tracks. Ive tried downloading it and it still doesnt work?,929991,"@340652 Hey there! Can you let us know the device/OS you’re using? Also, are you receiving any error messages? Keep us posted",Fri Oct 13 22:18:08 +0000 2017,downloads_offline_issue
1380906,@SpotifyCares It’s an iPhone 7 running the latest versions of both iOS 11 and Spotify. Songs won’t shuffle at all when connected to Bluetooth in my Mazda CX-5.,1380904,@441430 Got it. Can you try to see if logging out &gt; restarting your phone &gt; logging back in to your account makes a difference?,Mon Nov 13 19:32:19 +0000 2017,device_platform_support
142990,6 ads in a row... seriously? @115888,142989,"@148282 Hi there! We appreciate your feedback on this. For now, check out  if you haven't had a subscription before. Feel free to tweet us if there's anything else",Fri Nov 24 13:06:50 +0000 2017,feature_request_feedback
1865436,@115888 an all too common site in the app on iMac. Playlists taking ages to load or in this case not loading at all,1865435,@557318 Hey Darren! Can you try the steps here for us:  They should help with this. Keep us posted,Wed Oct 18 08:24:04 +0000 2017,playback_streaming_issue
1230152,@117153 @SpotifyCares it logged me out of the app and won't let me log in?,2481890,@709126 Hey Jaycee! Do you get an error message when trying to log in? Can you let us know the device/OS you’re using?,Sun Oct 29 22:48:39 +0000 2017,login_account_access
1371861,Hey @115888 get your shit together I'm missing out on episode 1 of @439305 over here,1371860,@439304 Hey! We’re working hard with rights holders to get more of the best content on the service. Stay tuned,Mon Oct 16 15:05:59 +0000 2017,content_missing_restricted
189869,@115888 i'm having this error pop up every time plsss helppp,914672,@337208 Hey! Can you DM us your account's email address? We'll see what we can suggest /CB,Tue Oct 10 17:08:46 +0000 2017,playback_streaming_issue
1909898,"@SpotifyCares trying to buy premium, but it's saying my zip is wrong on my card? Nothing wrong with it..help!",1909897,@568958 Hi Monique! Are you getting any specific error messages? Can you also DM us your account's email address? We'll check backstage /NJ,Tue Oct 24 20:55:52 +0000 2017,billing_payment_subscription
2179639,"Last couple of days I've not been able to play any songs from Michael Jackson or Mastodon, from either macOS or iOS apps, @SpotifyCares. :(",2179636,"@638760 Hey! What devices, operating systems, and Spotify versions are you using? Also, are you getting an error message?",Thu Oct 19 12:38:41 +0000 2017,device_platform_support
2412656,@115888 why don't you allow multi profiles for your streaming service? Other less notable and more expensive music streaming apps allow this... Why don't you?,2412655,@693586 2: This lets you get up to 6 Premium accounts at a discounted rate. We hope that helps,Tue Nov 14 17:11:06 +0000 2017,feature_request_feedback
2317637,@115888 okay fine. You crossed a line. No Songbook by Chris Cornell? Why do you hate Canada. Jerks.,2317636,"@671930 Hi. Sometimes agreements are ongoing, or can't be reached with the content provider  There's more info here:",Mon Nov 13 09:05:05 +0000 2017,general_chitchat_ack
2509475,@SpotifyCares Followed all the steps but alas,2509476,"@715367 Could you log in to our test account with the username ""cs_test_4"" and password ""zavuP6u2reha""? Let us know if you're getting the same thing",Wed Nov 22 01:08:31 +0000 2017,general_chitchat_ack
2917885,"@SpotifyCares Getting a ""504 Gateway Time-out"" for 10 mins now. And @117153 doesn't show any issues?",2917884,"@807648 Hey, thanks for the report! We had a little hiccup earlier, but everything should be running just fine now",Wed Nov 29 00:15:43 +0000 2017,general_chitchat_ack
1783957,spotify on my laptop is stuck on an ad so i cant use it rip,1783956,"@419332 Hey there! Can you let us know your device, operating system, and Spotify version? We'll see what we can suggest",Sun Oct 29 04:13:12 +0000 2017,playback_streaming_issue
2565911,@115888 is sneakily trying to get all their customers off Spotify-through-Apple subscriptions by offering Family at just 3 dollars more per month than Premium... but you can’t just upgrade from Premium to Family. Have to cancel account first.,2565910,@558869 Hey Bryan! Can you DM us your account's email address? We'll see what we can do to help /CX,Thu Nov 16 18:54:37 +0000 2017,family_plan_management
1813186,Why aren't the @30379 family of podcasts on @115888 podcast listings? @SpotifyCares,1813185,"@544713 Hey John! Fingers crossed we'll be able to have it soon, but there's info about Spotify content here:",Sun Oct 15 10:34:30 +0000 2017,family_plan_management
356969,please please please please get rid of the 3k offline download limit my plants are dying @115888 @SpotifyCares,356968,"@200758 Hi Claudia, we hear you! We’d love to see your vote, and hear your feedback on this idea:",Sun Oct 08 15:03:42 +0000 2017,downloads_offline_issue
2824,"@115888 Hi i have existing subscription, can I change it to this promo? Thanks",679999,@282250 Hey Joan! Can you DM us your account's email address? We'll check backstage /GK,Thu Nov 23 08:05:14 +0000 2017,billing_payment_subscription
1421482,@SpotifyCares And I love the feature on my other devices! Which is why I want it on more! :P thanks again!,1421483,"@123421 You're welcome! For anything else, just give us a shout.  🙂",Thu Nov 02 12:51:46 +0000 2017,feature_request_feedback
2835012,@SpotifyCares Should be the US,2835014,@789140 Got it! Could you DM us your account's username and email address? We'll take a look backstage /DF,Mon Nov 27 21:51:36 +0000 2017,general_chitchat_ack
2283763,@SpotifyCares I request the discount for students 2 weeks ago and my request was not accepted yet. What is wrong? Need help!!,2283762,@663678 Hey Nicole! The cavalry's here. Could you DM us your account's email address? We'll take a look backstage /AU,Sat Nov 11 14:11:01 +0000 2017,billing_payment_subscription
2934751,@115888 can i have no ads please 😘,2934750,"@811446 Hey there! Thanks for your feedback - we'll pass it onto the right folks. For now, check out  if you haven't had a subscription before",Wed Nov 29 10:18:16 +0000 2017,feature_request_feedback
2458486,@117153 Hey my Spotify just started doing that thing where it skips thru songs like a scratched CD.. is the iOS update the culprit?,2458484,"@704114 Hey, that doesn't sound right. Can you let us know the iOS and Spotify versions you're using? We'll see what we can suggest",Wed Nov 15 06:11:48 +0000 2017,playback_streaming_issue
818309,@SpotifyCares This seems to have gotten it to work.However I am slightly disappointed in the feature disparity. groove' superior presentation,818311,"@314912 We're glad it's working now. Don't worry, we'll make sure to pass your feedback on to the team. Thanks for sharing your thoughts!",Fri Oct 13 00:55:56 +0000 2017,feature_request_feedback
961759,".@115888 #wishlist: link 2 song lyrics

Bonus: Option to print entire album of lyrics, chords etc

#Spotify #suggestion #bells #whistles",961758,@348220 Hey! We can see how that’d be handy. Thanks for taking the time to reach out – your feedback's been noted 📝,Sun Oct 22 03:10:56 +0000 2017,feature_request_feedback
2653108,@115888 wtf? I've had a premium account for over a year in this country?,2653107,@748215 Hi! We've just replied to your DM. Let's continue chatting there,Sun Nov 19 05:40:07 +0000 2017,billing_payment_subscription
1145865,@SpotifyCares This!,1145866,@294602 Got it. Could you send us a DM with your account's username or email address? We'll take a look under the hood 🔍 /DB,Sun Oct 15 22:20:22 +0000 2017,general_chitchat_ack
1711762,"@SpotifyCares iOS 11.1, v 8.4.25.906, macOS 10.13 v 1.0.66.478.g1296534d",1711761,"@518506 Thanks for the info. Does logging out then back in help? If it doesn't, could you try restarting the device? Let us know how it goes",Mon Nov 06 04:06:37 +0000 2017,device_platform_support
2877421,@SpotifyCares @115888 Tried it on my work computer (mac with same settings) with fresh install/cache folder deleted and the test account also does not work with keyboard hot keys. Spacebar will pause and start when spotify window is focused but nothing else works.,2877422,@152980 No worries. We have some info we'd like to share with you via DM. Let's carry on chatting there /DV,Tue Nov 28 20:42:40 +0000 2017,device_platform_support
2898333,@SpotifyCares three times in the last two months I've had to redownload my library. Twice in a week and a half. I just used the app yesterday to play music and today it starts downloading 1600+ songs without prompt. None of your troubleshooting works.,2898332,"@377393 Hey there, help's here! Can you DM us your account's email address and username? We'll take a look backstage /AQ",Tue Nov 28 17:11:06 +0000 2017,downloads_offline_issue
2078390,Are there any ways to track down a #hacker who has logged in to my @115888 account? (And yes I had a strong password Im not that stupid),2078389,"@614705 Hey Fredrik, we're here to help. Could you DM us your accounts email address and username? We'll check backstage for you /BX",Mon Oct 09 16:21:47 +0000 2017,login_account_access
2449853,@116380 HI! I can’t listen to this yet. Can you please fix ASAP. From one crazy Björk fan. Xx 🏳️‍🌈 #BlissingMe,2449852,@702140 Hey James! Licensing agreements can affect music availability. We have more info here:,Wed Nov 15 02:49:00 +0000 2017,feature_request_feedback
2150452,"@SpotifyCares well that's pretty lame considering I just imported my #groove library last week, and now I cant add anything...",2150453,"@314912 We hear you 🎧 Rest assured, your feedback will be passed on to the right folks. We're just a tweet away if you need anything else",Thu Nov 09 15:02:43 +0000 2017,general_chitchat_ack
765657,"Okay, am I the only one who's had major glitches nonstop with the @115888 app for the past 2 weeks?",765653,"@302988 Hey there, help has arrived. What's happening exactly? Can you let us know your device model/OS and the Spotify version you're using?",Wed Oct 11 21:50:14 +0000 2017,general_chitchat_ack
1623530,"the person I dealt with this morning from @SpotifyCares truly was amazing and their customer service impeccable 👍🏻👏🏻👌🏻🙌🏻🦋
#spotifyrocks",1623529,@497319 You've made us blush with your kinds words. Take care and...  Keep on rocking 🤘,Sun Nov 05 17:30:58 +0000 2017,general_chitchat_ack
2210986,@115888 I have an idea. Tabs like on an internet browser on the desktop version so you can easily switch between different artists.,2210985,"@391414 Hey, we can see how that’d be useful! Suggest it in our Community at  and get support from other users",Fri Nov 10 03:54:56 +0000 2017,device_platform_support
975883,"@SpotifyCares another day, another frustrating experience trying to get webplayer to work. i am very close to ending my paid service.",975881,@351439 Hey Zazzy! Can you tell us a bit more about what's going on? What browser are you using Spotify on? Let us know,Wed Oct 11 19:08:25 +0000 2017,playback_streaming_issue
1962199,"@SpotifyCares OK. If I do that, will I lose the music I've downloaded?",1962201,"@581868 You'll have to redownload your tunes after reinstalling, but it's worth a try. Would you mind giving it a shot?",Mon Oct 30 23:55:10 +0000 2017,downloads_offline_issue
57063,@SpotifyCares Tried that but none of it works. Album is Modal Soul by Nujabes in mp3 format. I can see the files in spotify but they just wont play.,57065,"@128930 Hmm. If possible, can you check if the same thing happens when using other devices?",Wed Nov 01 20:20:35 +0000 2017,playback_streaming_issue
274295,@SpotifyCares Would tweet you if I didn't try that,274296,@181536 Alright. Can you send us a screenshot showing Spotify's battery consumption on your device?,Fri Oct 06 05:49:53 +0000 2017,general_chitchat_ack
1131957,@SpotifyCares I'm using an android phone (Galaxy s6) and a Windows laptop. I can't play any needtobreathe song on either one.,1131956,"@386736 Does logging out, restarting your devices, and logging back in help at all?",Tue Oct 17 00:31:34 +0000 2017,playback_streaming_issue
1817024,@SpotifyCares,1817023,@545836 Hey! Can you let us know the email addresses on both your accounts via DM? We'll take a look backstage /RC,Mon Oct 16 10:27:24 +0000 2017,general_chitchat_ack
793407,@181186 my account was hacked and songs deleted. can you reset my account to a time before 3 days ago when the a-hole struck?,793406,"@309176 Hey Nat, we're sorry to hear that. This is something for our Accounts team. You can reach them at",Sun Oct 08 03:09:51 +0000 2017,login_account_access
1781360,"@SpotifyCares I'm getting a bunch of ""This song is not available"" blue bar warnings for many popular artists on my macOS desktop app.",1781359,"@535204 Hey there, help's here! Can you DM us your account's email address and username? We'll take a look backstage 🙂 /CG",Wed Oct 11 23:25:48 +0000 2017,content_missing_restricted
979105,Seketika semua playlist di spotify ga ke download dan kudu download satu2 dari awal. Fck.,979104,"@352200 Hey! We can help out in English via Twitter, but we also have Indonesian support via email at",Sun Oct 22 05:24:13 +0000 2017,downloads_offline_issue
2950166,@115888 hello I need support help. I can't login get this error message everytime I try forgot my password. I also can't email support unless I am logged in...makes no sense. Please help.,2950165,"@814728 Hey there, help's here! Could you DM us your account's email address and username? We'll take a look backstage /CG",Wed Nov 29 17:01:33 +0000 2017,login_account_access
2033892,@SpotifyCares need some assistance - need to reset password but do not have access to the email anymore.,2033891,@601382 Hey there! Can you DM us your account's email address? We'll take a look /RB,Wed Oct 18 22:11:28 +0000 2017,login_account_access
1029779,@SpotifyCares hey my discover weekly hasn't updated in like over a month,1029778,@363644 Hi there! Can you DM us your account's email address or username? We'll take a look backstage /NQ,Mon Oct 23 04:01:07 +0000 2017,general_chitchat_ack
1593674,"@118266 misi min, mau tanya nih, kok aku beli spotify premium buat pelajar ga bisa ya? tapi saldo di kartu debitnya berkurang",1593673,"@489787 2: to continue chatting here, just send us another DM, and we'll help out /AY",Tue Oct 17 08:45:58 +0000 2017,billing_payment_subscription
2042837,My favourite part of this is the Spotify hacker has created an email that is spotifylol+myusername. Baller.,2042836,"@170132 Hey Jo. Don't worry, we'll look into this. Can you DM us your username or email address so we can check? /JU",Wed Oct 04 22:50:03 +0000 2017,login_account_access
1798204,"On the topic of music, why the hell is “Here Comes the Boom” by Nelly not on @SpotifyCares, I need that in my playlist",1798203,"@540317 Hey Aidan! Fingers crossed we'll be able to have it soon, but there's info about Spotify content here:",Sat Oct 14 00:15:24 +0000 2017,general_chitchat_ack
2912346,"@SpotifyCares Why is the Windows 10 Mobile app so terrible? I know next to no one uses Windows Phone, BUT I DO. 

PS: You guys know that NOT everything has to be done on the UI/Dispatcher thread right?",2912345,@806190 We hear you! We're passing on all feedback around this – thanks for sharing your thoughts,Tue Nov 28 22:27:12 +0000 2017,content_missing_restricted
